{
  "grid": 64,
  "entry_side": "bottom_right",
  "exit_side": "top_left",
  "seed": 9790,
  "background": null,
  "start": {
    "x": 55.625,
    "y": 45.63990010960491
  },
  "end": {
    "x": 8.375,
    "y": 18.36009989039509
  },
  "shape": "curve",
  "shape_strength": 0.45,
  "shape_direction": null,
  "shape_direction_mode": "auto",
  "noise_amplitude": 0.18,
  "noise_frequency": 1.8,
  "noise_applied": true,
  "shape_metadata": {
    "control_points": [
      {
        "x": 55.625,
        "y": 45.63990010960491
      },
      {
        "x": 25.85886348520334,
        "y": 32.706913180051906
      },
      {
        "x": 38.141136514796656,
        "y": 31.293086819948094
      },
      {
        "x": 8.375,
        "y": 18.36009989039509
      }
    ],
    "handle_lengths": {
      "entry": 32.454353081482,
      "exit": 32.45435308148199
    },
    "entry_inward": {
      "x": -0.8660254037844386,
      "y": -0.5
    },
    "exit_inward": {
      "x": 0.8660254037844386,
      "y": 0.5
    },
    "span_direction": {
      "x": -0.8660254037844386,
      "y": -0.5
    },
    "lateral": {
      "x": -3.6827730295933256,
      "y": 6.37875
    },
    "lateral_sign": -1,
    "noise": {
      "applied": true,
      "amplitude": 0.18,
      "frequency": 1.8,
      "seed": 9790,
      "max_offset_px": 0.9216,
      "offset_stats": {
        "min": 0.0,
        "max": 0.4318215825592284,
        "median": 0.2832754847771225
      }
    }
  },
  "centerline_cell_count": 49,
  "centerline_banks": {
    "offset": 2.325,
    "effective_offset": 6.9750000000000005,
    "color": {
      "rgba": [
        214,
        192,
        138,
        255
      ],
      "hex": "#D6C08AFF"
    },
    "variation": 0.357,
    "effective_variation": 1.071,
    "left_cell_count": 50,
    "right_cell_count": 50
  },
  "tributary_present": false,
  "tributary": null,
  "water_depth_noise": {
    "seed": 9790,
    "strength": 0.32
  }
}